"Name","Screen name","Party","Constituency","Followers","New followers in last 24 hours"
"Zarah Sultana","@zarahsultana","Labour","Coventry South",107517,606
"Yvonne Fovargue ","@Y_FovargueMP","Labour","Makerfield",13215,15
"Yvette Cooper ","@YvetteCooperMP","Labour","Normanton, Pontefract and Castleford",302338,23
"Yasmin Qureshi ","@YasminQureshiMP","Labour","Bolton South East",21572,4
"William Wragg ","@William_Wragg","Conservative","Hazel Grove",13519,2
"William Cash ","@BillCashMP","Conservative","Stone",21286,-38
"Will Quince ","@willquince","Conservative","Colchester",16475,1
"Wes Streeting ","@wesstreeting","Labour","Ilford North",72204,135
"Wera Hobhouse","@Wera_Hobhouse","Liberal Democrat","Bath",20234,8
"Wendy Morton ","@morton_wendy","Conservative","Aldridge-Brownhills",12985,22
"Wendy Chamberlain","@wendychambLD","Liberal Democrat","North East Fife",5278,6
"Wayne David ","@WayneDavid_MP","Labour","Caerphilly",13729,8
"Virendra Sharma ","@VirendraSharma","Labour","Ealing, Southall",19077,15
"Victoria Prentis ","@VictoriaPrentis","Conservative","Banbury",11592,6
"Vicky Foxcroft ","@vickyfoxcroft","Labour","Lewisham, Deptford",19475,19
"Vicky Ford","@vickyford","Conservative","Chelmsford",19240,334
"Valerie Vaz ","@Valerie_VazMP","Labour","Walsall South",6618,4
"Tulip Siddiq ","@TulipSiddiq","Labour","Hampstead and Kilburn",153793,215
"Tracy Brabin ","@TracyBrabin","Labour","Batley and Spen",53815,52
"Tracey Crouch ","@tracey_crouch","Conservative","Chatham and Aylesford",35727,7
"Tony Lloyd","@tony4rochdale","Labour","Rochdale",8891,-1
"Tonia Antoniazzi","@ToniaAntoniazzi","Labour","Gower",14265,13
"Tommy Sheppard ","@TommySheppard","Scottish National Party","Edinburgh East",34987,12
"Tom Tugendhat ","@TomTugendhat","Conservative","Tonbridge and Malling",55624,35
"Tom Randall","@Tom_Randall","Conservative","Gedling",3368,1
"Tom Pursglove ","@VotePursglove","Conservative","Corby",12739,-2
"Tom Hunt","@tomhunt1988","Conservative","Ipswich",8679,-3
"Toby Perkins ","@tobyperkinsmp","Labour","Chesterfield",27480,118
"Tobias Ellwood","@Tobias_Ellwood","Conservative","Bournemouth East",59769,4
"Tim Loughton ","@timloughton","Conservative","East Worthing and Shoreham",19597,4
"Tim Farron","@timfarron","Liberal Democrat","Westmorland and Lonsdale",284598,-17
"Theresa May ","@theresa_may","Conservative","Maidenhead",995180,-109
"Theo Clarke","@theodoraclarke","Conservative","Stafford",7009,5
"Thangam Debbonaire ","@ThangamMP","Labour","Bristol West",27232,23
"Tanmanjit Singh Dhesi","@TanDhesi","Labour","Slough",73398,37
"Taiwo Owatemi","@TaiwoOwatemi","Labour","Coventry North West",16804,33
"Tahir Ali","@TahirAliMP","Labour","Birmingham, Hall Green",2716,2
"Suzanne Webb","@Q66Suzi","Conservative","Stourbridge",3745,4
"Suella Fernandes ","@SuellaBraverman","Conservative","Fareham",30073,-23
"Stuart Paul Anderson","@Stuart4WolvesSW","Conservative","Wolverhampton South West",5839,1
"Stuart C. McDonald ","@Stuart_McDonald","Scottish National Party","Cumbernauld, Kilsyth and Kirkintilloch East",12943,24
"Stuart Andrew","@StuartAndrew","Conservative","Pudsey",19074,1
"Stewart Malcolm McDonald ","@StewartMcDonald","Scottish National Party","Glasgow South",32957,2
"Stewart Hosie ","@StewartHosieSNP","Scottish National Party","Dundee East",28325,5
"Steven Bonnar","@StevenBonnarSNP","Scottish National Party","Coatbridge, Chryston and Bellshill",3369,-1
"Steven Baker ","@SteveBakerHW","Conservative","Wycombe",102595,-122
"Steve Reed ","@SteveReedMP","Labour","Croydon North",33741,12
"Steve McCabe ","@steve_mccabe","Labour","Birmingham, Selly Oak",17990,16
"Steve Double ","@stevedouble","Conservative","St Austell and Newquay",14339,-2
"Steve Brine","@BrineMP","Conservative","Winchester",10758,3
"Stephen Timms ","@stephenctimms","Labour","East Ham",17102,11
"Stephen Morgan","@StephenMorganMP","Labour","Portsmouth South",12136,15
"Stephen Metcalfe ","@Metcalfe_SBET","Conservative","South Basildon and East Thurrock",6797,13
"Stephen McPartland ","@SMcPartland","Conservative","Stevenage",12723,20
"Stephen Kinnock ","@SKinnock","Labour","Aberavon",33944,-4
"Stephen Hammond","@S_Hammond","Conservative","Wimbledon",19479,4
"Stephen Flynn","@StephenFlynnSNP","Scottish National Party","Aberdeen South",4738,2
"Stephen Farry","@StephenFarryMP","Alliance Party of Northern Ireland","North Down",11611,11
"Stephen Doughty ","@SDoughtyMP","Labour","Cardiff South and Penarth",33914,34
"Stephen Crabb ","@SCrabbPembs","Conservative","Preseli Pembrokeshire",22854,-5
"Stephen Barclay ","@SteveBarclay","Conservative","North East Cambridgeshire",32055,-26
"Stephanie Peacock","@Steph_Peacock","Labour","Barnsley East",9347,8
"Stella Creasy ","@stellacreasy","Labour","Walthamstow",142015,23
"Siobhan Baillie","@Siobhan_Baillie","Conservative","Stroud",9719,1
"Siobhain McDonagh","@Siobhain_Mc","Labour","Mitcham and Morden",19933,52
"Simon Jupp","@simonjamesjupp","Conservative","East Devon",5490,-3
"Simon Hoare ","@Simon4NDorset","Conservative","North Dorset",15734,-2
"Simon Hart ","@Simonhartmp","Conservative","Carmarthen West and South Pembrokeshire",9382,10
"Simon Fell","@simonfell","Conservative","Barrow and Furness",3606,6
"Simon Clarke","@SimonClarkeMP","Conservative","Middlesbrough South and East Cleveland",16497,27
"Simon Baynes","@baynes_simon","Conservative","Clwyd South",4008,8
"Sheryll Murray ","@sheryllmurray","Conservative","South East Cornwall",18266,5
"Shaun Bailey","@Shaun4WBW","Conservative","West Bromwich West",3180,5
"Sharon Hodgson ","@SharonHodgsonMP","Labour","Washington and Sunderland West",34335,47
"Shailesh Vara","@ShaileshVara","Conservative","North West Cambridgeshire",4222,-3
"Shabana Mahmood ","@ShabanaMahmood","Labour","Birmingham, Ladywood",22028,23
"Selaine Saxby","@SelaineSaxby","Conservative","North Devon",3614,2
"Seema Malhotra ","@SeemaMalhotra1","Labour","Feltham and Heston",24595,23
"Scott Mann ","@scottmann4NC","Conservative","North Cornwall",8343,5
"Scott Lloyd Benton","@ScottBentonMP","Conservative","Blackpool South",3948,2
"Sarah Owen","@SarahOwen_","Labour","Luton North",16649,22
"Sarah Olney","@sarahjolney1","Liberal Democrat","Richmond Park",15741,5
"Sarah Jones","@LabourSJ","Labour","Croydon Central",18992,5
"Sarah Dines","@Dines4Dales","Conservative","Derbyshire Dales",1275,9
"Sarah Champion ","@SarahChampionMP","Labour","Rotherham",47089,-7
"Sarah Atherton","@AthertonNWales","Conservative","Wrexham",6388,6
"Sara Britcliffe","@SarBritcliffeMP","Conservative","Hyndburn",4570,5
"Saqib Bhatti","@bhatti_saqib","Conservative","Meriden",6857,2
"Sammy Wilson ","@eastantrimmp","Democratic Unionist Party","East Antrim",19847,3
"Sam Tarry","@SamTarry","Labour","Ilford South",20579,1
"Sally-Ann Hart","@SallyAnn1066","Conservative","Hastings and Rye",3075,10
"Sajid Javid ","@sajidjavid","Conservative","Bromsgrove",209947,-52
"Ruth Jones","@RuthNewportWest","Labour","Newport West",5576,7
"Ruth Edwards","@RuthEdwardsMP","Conservative","Rushcliffe",3764,5
"Ruth Cadbury ","@RuthCadbury","Labour","Brentford and Isleworth",22031,5
"Rushanara Ali ","@rushanaraali","Labour","Bethnal Green and Bow",42530,20
"Royston Smith ","@Royston_Smith","Conservative","Southampton, Itchen",7120,9
"Rosie Duffield","@RosieDuffield1","Labour","Canterbury",33300,172
"Rosie Cooper ","@rosie4westlancs","Labour","West Lancashire",13259,13
"Ronnie Cowan ","@ronniecowan","Scottish National Party","Inverclyde",12990,-2
"Roger Gale","@SirRogerGale","Conservative","North Thanet",6133,0
"Robin Walker ","@WalkerWorcester","Conservative","Worcester",14268,8
"Robin John Millar","@RobinMillarMP","Conservative","Aberconwy",2819,3
"Robert Syms ","@RobertSyms","Conservative","Poole",11183,1
"Robert Neill ","@neill_bob","Conservative","Bromley and Chislehurst",16850,7
"Robert Largan","@robertlargan","Conservative","High Peak",5770,7
"Robert Jenrick ","@RobertJenrick","Conservative","Newark",48483,28
"Robert Halfon ","@halfon4harlowMP","Conservative","Harlow",34396,19
"Robert Courts ","@robertcourts","Conservative","Witney",8881,7
"Robert Buckland ","@RobertBuckland","Conservative","South Swindon",27676,24
"Robbie Moore","@_RobbieMoore","Conservative","Keighley",4229,13
"Rob Butler","@AylesburyTories","Conservative","Aylesbury",1034,0
"Rishi Sunak","@RishiSunak","Conservative","Richmond (Yorks)",443890,196
"Richard Holden","@RicHolden","Conservative","North West Durham",7719,6
"Richard Graham ","@RichardGrahamUK","Conservative","Gloucester",12247,7
"Richard Gordon Thomson","@RThomsonMP","Scottish National Party","Gordon",2724,0
"Richard Burgon ","@RichardBurgon","Labour","Leeds East",122186,212
"Richard Bacon","@richardbaconmp","Conservative","South Norfolk",1435,1
"Rehman Chishti ","@Rehman_Chishti","Conservative","Gillingham and Rainham",18894,-5
"Rebecca Pow ","@pow_rebecca","Conservative","Taunton Deane",12849,4
"Rebecca Long-Bailey","@RLong_Bailey","Labour","Salford and Eccles",181060,65
"Rebecca Harris ","@RebeccaHarrisMP","Conservative","Castle Point",6567,9
"Ranil Jayawardena ","@TeamRanil","Conservative","North East Hampshire",2007,-3
"Rachel Reeves ","@RachelReevesMP","Labour","Leeds West",97086,19
"Rachel Maclean","@redditchrachel","Conservative","Redditch",10334,-2
"Rachel Hopkins","@rach_hopkins","Labour","Luton South",6976,6
"Rachael Maskell ","@RachaelMaskell","Labour","York Central",27812,17
"Priti Patel ","@pritipatel","Conservative","Witham",302199,307
"Preet Gill","@PreetKGillMP","Labour","Birmingham, Edgbaston",31379,44
"Philip Dunne","@Dunne4Ludlow","Conservative","Ludlow",11144,6
"Philip Davies ","@PhilipDaviesUK","Conservative","Shipley",21032,-7
"Peter Kyle ","@peterkyle","Labour","Hove",38779,31
"Peter Grant ","@PeterGrantMP","Scottish National Party","Glenrothes",16738,-2
"Peter Gibson","@Gibbo4Darlo","Conservative","Darlington",2243,2
"Peter Dowd ","@Peter_Dowd","Labour","Bootle",15302,31
"Peter Bone ","@PeterBoneUK","Conservative","Wellingborough",38521,-47
"Peter Aldous ","@peter_aldous","Conservative","Waveney",10843,17
"Pete Wishart ","@PeteWishart","Scottish National Party","Perth and North Perthshire",48972,6
"Penny Mordaunt ","@PennyMordaunt","Conservative","Portsmouth North",72591,-15
"Pauline Latham ","@Pauline_Latham","Conservative","Mid Derbyshire",19390,52
"Paula Barker","@PaulaBarkerMP","Labour","Liverpool, Wavertree",12813,27
"Paul Scully ","@scullyp","Conservative","Sutton and Cheam",13821,8
"Paul Maynard ","@PaulMaynardUK","Conservative","Blackpool North and Cleveleys",18993,1
"Paul Maskey ","@PaulMaskeyMP","Sinn Féin","Belfast West",18210,6
"Paul Howell","@PaulHowellMP","Conservative","Sedgefield",2247,1
"Paul Holmes","@pauljholmes","Conservative","Eastleigh",6450,-2
"Paul Girvan","@PaulGirvanMP","Democratic Unionist Party","South Antrim",6133,0
"Paul Bristow","@paulbristow79","Conservative","Peterborough",8488,-5
"Paul Blomfield ","@PaulBlomfieldMP","Labour","Sheffield Central",21279,-2
"Patrick Grady ","@GradySNP","Scottish National Party","Glasgow North",16699,10
"Patricia Gibson ","@PGibsonSNP","Scottish National Party","North Ayrshire and Arran",13113,3
"Pat McFadden ","@patmcfaddenmp","Labour","Wolverhampton South East",24312,5
"Owen Thompson ","@OwenThompson","Scottish National Party","Midlothian",7131,-3
"Owen Paterson ","@OwenPaterson","Conservative","North Shropshire",48295,-5
"Órfhlaith Begley","@OrfhlaithBegley","Sinn Féin","West Tyrone",7502,6
"Olivia Frances Blake","@_OliviaBlake","Labour","Sheffield, Hallam",12945,11
"Oliver Heald QC ","@OliverHealdUK","Conservative","North East Hertfordshire",11497,-2
"Oliver Dowden","@OliverDowden","Conservative","Hertsmere",29138,8
"Nusrat Ghani ","@Nus_Ghani","Conservative","Wealden",20609,9
"Nigel Mills ","@nigelmills","Conservative","Amber Valley",4895,4
"Nigel Huddleston ","@HuddlestonNigel","Conservative","Mid Worcestershire",15460,8
"Nigel Evans","@nigelmp","Conservative","Ribble Valley",13781,-20
"Nigel Adams","@nadams","Conservative","Selby and Ainsty",9792,9
"Nicola Faye Richards","@Nicola4WBE","Conservative","West Bromwich East",6907,9
"Nickie Aiken","@twocitiesnickie","Conservative","Cities of London and Westminster",2155,4
"Nick Thomas-Symonds ","@NickTorfaen","Labour","Torfaen",28132,10
"Nick Smith ","@BlaenauGwentMP","Labour","Blaenau Gwent",9640,1
"Nick Gibb","@NickGibbUK","Conservative","Bognor Regis and Littlehampton",18093,10
"Nicholas Fletcher","@NickFletcherMP","Conservative","Don Valley",2379,3
"Nia Griffith ","@NiaGriffithMP","Labour","Llanelli",17642,8
"Neil Parish ","@neil_parish","Conservative","Tiverton and Honiton",6201,2
"Neil O'Brien","@NeilDotObrien","Conservative","Harborough",28196,205
"Neil Hudson","@DrNeilHudson","Conservative","Penrith and The Border",3006,-1
"Neil Gray ","@neilgraysnp","Scottish National Party","Airdrie and Shotts",14562,5
"Neil Coyle ","@coyleneil","Labour","Bermondsey and Old Southwark",25942,13
"Neale Hanvey","@JNHanvey","Scottish National Party","Kirkcaldy and Cowdenbeath",4649,4
"Naz Shah ","@NazShahBfd","Labour","Bradford West",44637,7
"Nav Mishra","@NavPMishra","Labour","Stockport",10264,19
"Natalie Elphicke","@NatalieElphicke","Conservative","Dover",5527,-2
"Nadia Whittome","@NadiaWhittomeMP","Labour","Nottingham East",62482,110
"Nadhim Zahawi ","@nadhimzahawi","Conservative","Stratford-on-Avon",44576,361
"Munira Wilson","@munirawilson","Liberal Democrat","Twickenham",12213,16
"Mohammad Yasin","@YasinForBedford","Labour","Bedford",2420,4
"Mims Davies ","@mimsdavies","Conservative","Mid Sussex",15689,8
"Mike Wood ","@mikejwood","Conservative","Dudley South",6362,7
"Mike Kane ","@MikeKaneMP","Labour","Wythenshawe and Sale East",11092,3
"Mike Hill","@MikeHillMP","Labour","Hartlepool",3110,3
"Mike Amesbury","@MikeAmesburyMP","Labour","Weaver Vale",10006,10
"Mickey Brady ","@MickeyBradySF","Sinn Féin","Newry and Armagh",4992,-1
"Mick Whitley","@MickWhitleyMP","Labour","Birkenhead",10375,11
"Michelle Gildernew","@gildernewm","Sinn Féin","Fermanagh and South Tyrone",19648,8
"Michelle Donelan ","@michelledonelan","Conservative","Chippenham",17009,17
"Michael Tomlinson ","@Michael4MDNP","Conservative","Mid Dorset and North Poole",10154,1
"Michael Gove ","@michaelgove","Conservative","Surrey Heath",212953,43
"Michael Fabricant ","@Mike_Fabricant","Conservative","Lichfield",39291,-27
"Michael Ellis ","@Michael_Ellis1","Conservative","Northampton North",13131,1
"Mhairi Black ","@MhairiBlack","Scottish National Party","Paisley and Renfrewshire South",191108,-1
"Mel Stride","@MelJStride","Conservative","Central Devon",5932,7
"Meg Hillier ","@Meg_HillierMP","Labour","Hackney South and Shoreditch",19832,5
"Matthew Pennycook ","@mtpennycook","Labour","Greenwich and Woolwich",21051,13
"Matthew Offord","@Offord4Hendon","Conservative","Hendon",9525,6
"Matthew Hancock ","@MattHancock","Conservative","West Suffolk",384902,605
"Matt Western","@MattWestern_","Labour","Warwick and Leamington",8059,2
"Matt Warman ","@mattwarman","Conservative","Boston and Skegness",19341,2
"Matt Vickers","@Matt_VickersMP","Conservative","Stockton South",5381,16
"Matt Rodda","@MattRodda","Labour","Reading East",6306,11
"Mary Robinson ","@MaryRobinson01","Conservative","Cheadle",9069,8
"Mary Glindon","@GlindonMary","Labour","North Tyneside",583,4
"Mary Foy","@marykfoy","Labour","City of Durham",11633,23
"Martyn Day ","@MartynDaySNP","Scottish National Party","Linlithgow and East Falkirk",10712,7
"Martin Vickers ","@MartinVickers","Conservative","Cleethorpes",12369,7
"Martin Docherty-Hughes","@MartinJDocherty","Scottish National Party","West Dunbartonshire",13478,0
"Marsha de Cordova","@MarshadeCordova","Labour","Battersea",37390,11
"Mark Tami ","@MarkTamiMP","Labour","Alyn and Deeside",9125,14
"Mark Spencer ","@Mark_Spencer","Conservative","Sherwood",16862,19
"Mark Pritchard ","@MPritchardUK","Conservative","The Wrekin",10407,-1
"Mark Pawsey ","@MarkPawsey","Conservative","Rugby",7195,3
"Mark Jenkinson","@markjenkinsonmp","Conservative","Workington",3952,3
"Mark Hendrick","@MpHendrick","Labour","Preston",4886,1
"Mark Harper ","@Mark_J_Harper","Conservative","Forest of Dean",23685,13
"Mark Garnier ","@Mark4WyreForest","Conservative","Wyre Forest",15798,2
"Mark Eastwood","@mark4dewsbury","Conservative","Dewsbury",4234,-2
"Marion Fellows ","@marionfellows","Scottish National Party","Motherwell and Wishaw",11755,6
"Marie Rimmer ","@MarieRimmer","Labour","St Helens South and Whiston",12791,19
"Maria Miller ","@MariaMillerUK","Conservative","Basingstoke",20976,4
"Maria Eagle ","@meaglemp","Labour","Garston and Halewood",48085,4
"Maria Caulfield ","@mariacaulfield","Conservative","Lewes",21215,-5
"Margaret Hodge ","@margarethodge","Labour","Barking",48197,6
"Margaret Greenwood ","@MGreenwoodWW","Labour","Wirral West",21309,9
"Margaret Ferrier ","@MargaretFerrier","Independent","Rutherglen and Hamilton West",16955,5
"Marcus Jones ","@Marcus4Nuneaton","Conservative","Nuneaton",9400,8
"Marcus Fysh ","@MarcusFysh","Conservative","Yeovil",15933,-5
"Marco Longhi","@marcolonghi4dn","Conservative","Dudley North",3197,-1
"Maggie Throup ","@maggie_erewash","Conservative","Erewash",1221,5
"Lyn Brown ","@lynbrownmp","Labour","West Ham",13059,13
"Luke Pollard","@LukePollard","Labour","Plymouth, Sutton and Devonport",30330,48
"Luke Hall ","@LukeHall","Conservative","Thornbury and Yate",4738,5
"Luke Evans","@drlukeevans","Conservative","Bosworth",8117,0
"Lucy Powell ","@LucyMPowell","Labour","Manchester Central",56933,25
"Lucy Frazer ","@lucyfrazermp","Conservative","South East Cambridgeshire",8285,11
"Lucy Allan ","@lucyallan","Conservative","Telford",29320,-28
"Louise Haigh ","@LouHaigh","Labour","Sheffield, Heeley",45064,7
"Lloyd Russell-Moyle","@lloyd_rm","Labour","Brighton, Kemptown",30062,13
"Liz Twist","@LizTwistMP","Labour","Blaydon",3889,10
"Liz Saville Roberts ","@LSRPlaid","Plaid Cymru","Dwyfor Meirionnydd",16274,10
"Liz Kendall ","@leicesterliz","Labour","Leicester West",94091,39
"Lisa Nandy ","@lisanandy","Labour","Wigan",205227,84
"Lisa Cameron","@DrLisaCameronMP","Scottish National Party","East Kilbride, Strathaven and Lesmahagow",13635,9
"Lindsay Hoyle","@LindsayHoyle_MP","Speaker","Chorley",37460,1
"Lilian Greenwood ","@LilianGreenwood","Labour","Nottingham South",28880,0
"Liam Byrne ","@liambyrnemp","Labour","Birmingham, Hodge Hill",36265,0
"Lia Nici","@lia_nici","Conservative","Great Grimsby",2610,1
"Leo Docherty","@LeoDochertyUK","Conservative","Aldershot",5446,5
"Lee Benjamin Rowley","@Lee4NED","Conservative","North East Derbyshire",9920,2
"Lee Anderson","@LeeAndersonMP","Conservative","Ashfield",72,1
"Layla Moran","@LaylaMoran","Liberal Democrat","Oxford West and Abingdon",64453,26
"Laurence Robertson ","@lrobertsonTewks","Conservative","Tewkesbury",3894,-1
"Laura Farris","@Laura__Farris","Conservative","Newbury",6039,8
"Kwasi Kwarteng ","@KwasiKwarteng","Conservative","Spelthorne",15458,237
"Kit Malthouse ","@kitmalthouse","Conservative","North West Hampshire",16541,25
"Kirsty Blackman ","@KirstySNP","Scottish National Party","Aberdeen North",24683,-2
"Kirsten Oswald ","@kirstenoswald","Scottish National Party","East Renfrewshire",15130,5
"Kim Johnson","@KimJohnsonMP","Labour","Liverpool, Riverside",12570,14
"Kieran John Mullan","@KieranMullanUK","Conservative","Crewe and Nantwich",3704,0
"Khalid Mahmood","@khalid4PB","Labour","Birmingham, Perry Barr",5627,5
"Kevin Hollinrake ","@kevinhollinrake","Conservative","Thirsk and Malton",11466,10
"Kevin Foster ","@kevin_j_foster","Conservative","Torbay",7465,4
"Kevin Brennan ","@KevinBrennanMP","Labour","Cardiff West",24333,10
"Kevan Jones ","@KevanJonesMP","Labour","North Durham",21950,14
"Kerry McCarthy ","@KerryMP","Labour","Bristol East",32284,1
"Kenny MacAskill","@KennyMacAskill","Scottish National Party","East Lothian",18956,5
"Kemi Badenoch","@KemiBadenoch","Conservative","Saffron Walden",37854,-84
"Kelly Tolhurst ","@KellyTolhurst","Conservative","Rochester and Strood",14730,0
"Keir Starmer ","@Keir_Starmer","Labour","Holborn and St Pancras",1085824,1969
"Katherine Fletcher","@K_Fletcher_MP","Conservative","South Ribble",3106,10
"Kate Osborne","@KateOsborneMP","Labour","Jarrow",10560,33
"Kate Osamor ","@KateOsamor","Labour","Edmonton",34908,15
"Kate Hollern ","@Kate_HollernMP","Labour","Blackburn",8184,13
"Kate Green ","@KateGreenSU","Labour","Stretford and Urmston",48517,39
"Karl Turner ","@KarlTurnerMP","Labour","Kingston upon Hull East",33387,17
"Karl McCartney ","@karlmccartney","Conservative","Lincoln",10746,11
"Karin Smyth ","@karinsmyth","Labour","Bristol South",12053,15
"Karen Buck ","@KarenPBuckMP","Labour","Westminster North",17358,44
"Justin Tomlinson ","@JustinTomlinson","Conservative","North Swindon",20364,17
"Justin Madders ","@justinmadders","Labour","Ellesmere Port and Neston",24953,25
"Julie Marson","@JulieMarsonMP","Conservative","Hertford and Stortford",3827,1
"Julie Elliott ","@JulieElliottMP","Labour","Sunderland Central",20357,21
"Julian Sturdy","@JulianSturdy","Conservative","York Outer",1801,7
"Julian Smith ","@JulianSmithUK","Conservative","Skipton and Ripon",32479,-3
"Julian Knight ","@julianknight15","Conservative","Solihull",11434,17
"Julia Lopez","@JuliaLopezMP","Conservative","Hornchurch and Upminster",5858,4
"Judith Cummins ","@JudithCummins","Labour","Bradford South",13721,12
"Joy Morrissey","@joymorrissey","Conservative","Beaconsfield",15342,-2
"Jonathan Reynolds ","@jreynoldsMP","Labour","Stalybridge and Hyde",47161,17
"Jonathan Lord","@JonathanLord","Conservative","Woking",2214,-2
"Jonathan Djanogly ","@JDjanogly","Conservative","Huntingdon",19013,-1
"Jonathan Ashworth ","@JonAshworth","Labour","Leicester South",95303,47
"Jon Trickett ","@jon_trickett","Labour","Hemsworth",34074,206
"Jon Cruddas ","@JonCruddas_1","Labour","Dagenham and Rainham",20179,11
"Johnny Mercer ","@JohnnyMercerUK","Conservative","Plymouth, Moor View",79899,-35
"Johnny McNally","@JohnMcNallySNP","Scottish National Party","Falkirk",9064,2
"John Whittingdale ","@JWhittingdale","Conservative","Maldon",8483,5
"John Stevenson ","@John4Carlisle","Conservative","Carlisle",12887,5
"John Spellar ","@spellar","Labour","Warley",10468,11
"John Redwood ","@johnredwood","Conservative","Wokingham",95142,-60
"John Penrose ","@JohnPenroseNews","Conservative","Weston-super-Mare",37573,2
"John Nicolson ","@MrJohnNicolson","Scottish National Party","Ochil and South Perthshire",31649,6
"John McDonnell ","@johnmcdonnellMP","Labour","Hayes and Harlington",287814,3
"John Lamont","@John2Win","Conservative","Berwickshire, Roxburgh and Selkirk",10995,4
"John Howell ","@JHowellUK","Conservative","Henley",7031,8
"John Healey ","@JohnHealey_MP","Labour","Wentworth and Dearne",28763,20
"John Glen ","@JohnGlenUK","Conservative","Salisbury",22280,5
"John Finucane","@johnfinucane","Sinn Féin","Belfast North",26948,20
"John Cryer","@JohnCryerMP","Labour","Leyton and Wanstead",5629,8
"Joanna Cherry QC ","@joannaccherry","Scottish National Party","Edinburgh South West",104710,31
"Jo Stevens ","@JoStevensLabour","Labour","Cardiff Central",32233,34
"Jo Gideon","@jogideon","Conservative","Stoke-on-Trent Central",3577,4
"Jo Churchill ","@Jochurchill4","Conservative","Bury St Edmunds",11649,13
"Jim Shannon ","@JimShannonMP","Democratic Unionist Party","Strangford",2771,-1
"Jim McMahon ","@JimfromOldham","Labour","Oldham West and Royton",25390,7
"Jessica Morden ","@jessicamordenmp","Labour","Newport East",13081,12
"Jesse Norman ","@Jesse_Norman","Conservative","Hereford and South Herefordshire",26437,-3
"Jess Phillips ","@jessphillips","Labour","Birmingham, Yardley",410127,87
"Jerome Mayhew","@JeromeMayhew","Conservative","Broadland",2040,9
"Jeremy Hunt ","@Jeremy_Hunt","Conservative","South West Surrey",221786,179
"Jeremy Corbyn ","@jeremycorbyn","Independent","Islington North",2437606,-108
"Jeffrey M. Donaldson ","@J_Donaldson_MP","Democratic Unionist Party","Lagan Valley",20597,8
"Jeff Smith ","@JeffSmithetc","Labour","Manchester, Withington",10374,4
"Jason McCartney ","@JasonMcCartney","Conservative","Colne Valley",17635,-1
"Janet Daby","@JanetDaby","Labour","Lewisham East",10869,15
"Jane Stevenson","@Jane_Stevenson_","Conservative","Wolverhampton North East",4127,1
"Jane Hunt","@JaneMHunt","Conservative","Loughborough",2909,7
"Jamie Stone","@Jamie4North","Liberal Democrat","Caithness, Sutherland and Easter Ross",11382,80
"Jamie Hamilton Wallis","@JamieWallisMP","Conservative","Bridgend",2337,-2
"James Wild","@jamesowild","Conservative","North West Norfolk",2129,8
"James Sunderland","@JamesSunderl","Conservative","Bracknell",2722,0
"James Murray","@jamesmurray_ldn","Labour","Ealing North",8324,7
"James Morris","@JamesMorris","Conservative","Halesowen and Rowley Regis",8459,-4
"James Heappey ","@JSHeappey","Conservative","Wells",14005,13
"James Gray ","@JGray","Conservative","North Wiltshire",17824,13
"James Duddridge ","@JamesDuddridge","Conservative","Rochford and Southend East",23997,4
"James Davies","@JamesDavies","Conservative","Vale of Clwyd",5641,5
"James Daly","@JamesDalyMP","Conservative","Bury North",4175,4
"James Cleverly ","@JamesCleverly","Conservative","Braintree",93356,-29
"James Cartlidge ","@jc4southsuffolk","Conservative","South Suffolk",9278,-2
"James Brokenshire ","@JBrokenshire","Conservative","Old Bexley and Sidcup",28875,80
"Jake Berry ","@JakeBerry","Conservative","Rossendale and Darwen",19717,-3
"Jacob Young","@JacobYoungMP","Conservative","Redcar",8792,3
"Jacob Rees-Mogg ","@Jacob_Rees_Mogg","Conservative","North East Somerset",427693,-404
"Jackie Doyle-Price ","@JackieDP","Conservative","Thurrock",12381,11
"Jack Lopresti ","@JackLopresti","Conservative","Filton and Bradley Stoke",8195,5
"Jack Dromey ","@JackDromeyMP","Labour","Birmingham, Erdington",24557,10
"Imran Nasir Ahmad Khan","@imranahmadkhan","Conservative","Wakefield",5470,-3
"Imran Hussain ","@Imran_HussainMP","Labour","Bradford East",17632,6
"Ian Murray ","@IanMurrayMP","Labour","Edinburgh South",31893,8
"Ian Mearns ","@IanMearnsMP","Labour","Gateshead",27559,8
"Ian Lavery ","@IanLaveryMP","Labour","Wansbeck",78339,39
"Ian Byrne","@IanByrneMP","Labour","Liverpool, West Derby",24483,120
"Ian Blackford ","@Ianblackford_MP","Scottish National Party","Ross, Skye and Lochaber",102292,28
"Iain Stewart ","@iainastewart","Conservative","Milton Keynes South",17696,15
"Iain Duncan Smith","@MPIainDS","Conservative","Chingford and Woodford Green",48008,-52
"Hywel Williams ","@HywelPlaidCymru","Plaid Cymru","Arfon",9915,1
"Huw Merriman ","@HuwMerriman","Conservative","Bexhill and Battle",18561,-16
"Holly Lynch ","@HollyLynch5","Labour","Halifax",22425,12
"Hilary Benn ","@hilarybennmp","Labour","Leeds Central",161526,44
"Henry Smith ","@HenrySmithUK","Conservative","Crawley",16987,-18
"Helen Whately ","@Helen_Whately","Conservative","Faversham and Mid Kent",23205,1
"Helen Hayes ","@helenhayes_","Labour","Dulwich and West Norwood",21735,18
"Helen Grant ","@HelenGrantMP","Conservative","Maidstone and The Weald",17710,11
"Heather Wheeler ","@HeatherWheeler","Conservative","South Derbyshire",19563,12
"Harriett Baldwin ","@hbaldwin","Conservative","West Worcestershire",27849,2
"Harriet Harman QC ","@HarrietHarman","Labour","Camberwell and Peckham",178481,9
"Hannah Bardell ","@HannahB4LiviMP","Scottish National Party","Livingston",24366,0
"Guy Opperman ","@GuyOpperman","Conservative","Hexham",18868,5
"Greg Smith","@gregsmith_uk","Conservative","Buckingham",6172,-1
"Greg Knight ","@GregKnight","Conservative","East Yorkshire",10538,7
"Greg Hands ","@GregHands","Conservative","Chelsea and Fulham",36152,58
"Greg Clark","@GregClarkMP","Conservative","Tunbridge Wells",32150,9
"Grant Shapps ","@grantshapps","Conservative","Welwyn Hatfield",121178,6
"Grahame Morris ","@grahamemorris","Labour","Easington",32263,3
"Graham Stuart ","@grahamstuart","Conservative","Beverley and Holderness",16531,11
"Graham Brady","@SirGrahamBrady","Conservative","Altrincham and Sale West",11714,15
"Gillian Keegan","@GillianKeegan","Conservative","Chichester",11343,20
"Gill Furniss ","@GillFurnissMP","Labour","Sheffield, Brightside and Hillsborough",6189,3
"Giles Watling","@GilesWatling","Conservative","Clacton",4234,6
"Gerald Jones ","@GeraldJonesLAB","Labour","Merthyr Tydfil and Rhymney",6744,1
"Geraint Davies ","@GeraintDaviesMP","Labour","Swansea West",15085,6
"George Freeman ","@GeorgeFreemanMP","Conservative","Mid Norfolk",28254,0
"Geoffrey Cox QC ","@Geoffrey_Cox","Conservative","Torridge and West Devon",41201,-21
"Gavin Williamson ","@GavinWilliamson","Conservative","South Staffordshire",94834,147
"Gavin Robinson ","@GRobinsonDUP","Democratic Unionist Party","Belfast East",13451,-1
"Gavin Newlands ","@GavNewlandsSNP","Scottish National Party","Paisley and Renfrewshire North",14162,-13
"Gary Streeter ","@garystreeterSWD","Conservative","South West Devon",4625,2
"Gary Sambrook","@GarySambrook89","Conservative","Birmingham, Northfield",4159,3
"Gareth Thomas ","@GarethThomasMP","Labour","Harrow West",16246,13
"Gareth Davies","@GarethDavies_MP","Conservative","Grantham and Stamford",6919,4
"Gareth Bacon","@GarethBaconMP","Conservative","Orpington",5149,1
"Gagan Mohindra","@gaganmohindra","Conservative","South West Hertfordshire",3434,6
"Francie Molloy ","@FrancieMolloy","Sinn Féin","Mid Ulster",7345,-1
"Florence Eshalomi","@FloEshalomi","Labour","Vauxhall",23932,24
"Fleur Anderson","@PutneyFleur","Labour","Putney",10831,30
"Feryal Clark","@FeryalClark","Labour","Enfield North",9950,9
"Felicity Buchan","@FelicityBuchan","Conservative","Kensington",5353,5
"Fay Alicia Jones","@JonesyFay","Conservative","Brecon and Radnorshire",5750,9
"Fabian Hamilton","@FabianLeedsNE","Labour","Leeds North East",6149,8
"Esther McVey","@EstherMcVey1","Conservative","Tatton",61122,-45
"Emma Lewell-Buck ","@EmmaLewellBuck","Labour","South Shields",23986,11
"Emma Hardy","@EmmaHardyMP","Labour","Kingston upon Hull West and Hessle",27582,-2
"Emily Thornberry ","@EmilyThornberry","Labour","Islington South and Finsbury",213958,24
"Elliot Colburn","@ElliotColburn","Conservative","Carshalton and Wallington",6179,9
"Ellie Reeves","@elliereeves","Labour","Lewisham West and Penge",21434,37
"Elizabeth Truss ","@trussliz","Conservative","South West Norfolk",103504,31
"Eleanor Laing ","@eleanor4epping","Conservative","Epping Forest",8038,6
"Edward Timpson","@edwardtimpson","Conservative","Eddisbury",6280,4
"Edward Miliband ","@Ed_Miliband","Labour","Doncaster North",779605,-24
"Edward Leigh ","@EdwardLeighMP","Conservative","Gainsborough",12361,121
"Edward Davey","@EdwardJDavey","Liberal Democrat","Kingston and Surbiton",58196,-1
"Eddie Hughes","@EddieHughes4WN","Conservative","Walsall North",10246,0
"Duncan Charles Baker","@duncancbaker","Conservative","North Norfolk",2828,2
"Drew Hendry ","@drewhendrySNP","Scottish National Party","Inverness, Nairn, Badenoch and Strathspey",15728,2
"Dr Thérèse Coffey ","@theresecoffey","Conservative","Suffolk Coastal",25037,11
"Dr Rupa Huq ","@RupaHuq","Labour","Ealing Central and Acton",45374,24
"Dr Rosena Allin-Khan ","@DrRosena","Labour","Tooting",182672,106
"Dr Philippa Whitford ","@Dr_PhilippaW","Scottish National Party","Central Ayrshire",35352,24
"Dr Liam Fox ","@LiamFox","Conservative","North Somerset",100734,-26
"Dr Caroline Johnson ","@drcarolinej","Conservative","Sleaford and North Hykeham",5981,1
"Dr Andrew Murrison ","@AWMurrison","Conservative","South West Wiltshire",15476,5
"Dr Alan Whitehead ","@alanwhiteheadmp","Labour","Southampton, Test",8041,2
"Douglas Ross","@Douglas4Moray","Conservative","Moray",27903,11
"Douglas Chapman ","@DougChapmanSNP","Scottish National Party","Dunfermline and West Fife",14405,-1
"Dominic Raab","@DominicRaab","Conservative","Esher and Walton",282619,44
"Diane Abbott ","@HackneyAbbott","Labour","Hackney North and Stoke Newington",363674,29
"Diana Johnson ","@DianaJohnsonMP","Labour","Kingston upon Hull North",27551,5
"Desmond Swayne ","@DesmondSwayne","Conservative","New Forest West",35489,-22
"Derek Twigg ","@DerekTwiggMP","Labour","Halton",6648,14
"Derek Thomas ","@DerekThomasUK","Conservative","St Ives",5003,-2
"Deidre Brock ","@DeidreBrock","Scottish National Party","Edinburgh North and Leith",16459,12
"Dehenna Davison","@DehennaDavison","Conservative","Bishop Auckland",35119,-32
"Debbie Abrahams ","@Debbie_abrahams","Labour","Oldham East and Saddleworth",51370,5
"Dean Russell","@dean4watford","Conservative","Watford",2882,4
"Dawn Butler ","@DawnButlerBrent","Labour","Brent Central",151620,12
"David Warburton ","@DJWarburton","Conservative","Somerton and Frome",13764,135
"David T. C. Davies ","@DavidTCDavies","Conservative","Monmouth",16068,-6
"David Simmonds","@DSimmonds_RNP","Conservative","Ruislip, Northwood and Pinner",3085,3
"David Rutley ","@DavidRutley","Conservative","Macclesfield",13097,1
"David Mundell ","@DavidMundellDCT","Conservative","Dumfriesshire, Clydesdale & Tweeddale",16524,-4
"David Morris ","@davidmorrisml","Conservative","Morecambe and Lunesdale",13716,5
"David Linden","@DavidLinden","Scottish National Party","Glasgow East",11687,4
"David Lammy ","@DavidLammy","Labour","Tottenham",688668,232
"David Jones ","@DavidJonesMP","Conservative","Clwyd West",13561,3
"David Johnston","@david4wantage","Conservative","Wantage",2144,0
"David Evennett ","@DavidEvennett","Conservative","Bexleyheath and Crayford",13648,9
"David Duguid","@david_duguid","Conservative","Banff and Buchan",5464,4
"David Davis ","@DavidDavisMP","Conservative","Haltemprice and Howden",165377,-73
"David Amess","@amessd_southend","Conservative","Southend West",4152,7
"Dave Doogan","@DaveDooganSNP","Scottish National Party","Angus",3656,6
"Darren Jones","@darrenpjones","Labour","Bristol North West",28128,116
"Darren George Henry","@DarrenG_Henry","Conservative","Broxtowe",9865,-10
"Danny Kruger","@danny__kruger","Conservative","Devizes",10167,-1
"Daniel Zeichner ","@DanielZeichner","Labour","Cambridge",20288,10
"Daniel Kawczynski ","@DKShrewsbury","Conservative","Shrewsbury and Atcham",25486,-18
"Dan Jarvis ","@DanJarvisMP","Labour","Barnsley Central",71023,-4
"Dan Carden","@DanCardenMP","Labour","Liverpool, Walton",47818,9
"Damian Hinds","@DamianHinds","Conservative","East Hampshire",33611,5
"Damian Green ","@DamianGreen","Conservative","Ashford",20137,-8
"Damian Collins ","@DamianCollins","Conservative","Folkestone and Hythe",30355,39
"Daisy Cooper","@libdemdaisy","Liberal Democrat","St Albans",18245,15
"Crispin Blunt ","@CrispinBlunt","Conservative","Reigate",11498,-7
"Craig Williams ","@craig4monty","Conservative","Montgomeryshire",5185,0
"Craig Whittaker ","@CWhittaker_MP","Conservative","Calder Valley",9575,4
"Craig Tracey ","@craig4nwarks","Conservative","North Warwickshire",8804,0
"Craig Mackinlay ","@cmackinlay","Conservative","South Thanet",11030,2
"Conor McGinn ","@ConorMcGinn","Labour","St Helens North",17199,10
"Conor Burns","@ConorBurnsUK","Conservative","Bournemouth West",23336,5
"Colum Eastwood","@columeastwood","Social Democratic and Labour Party","Foyle",34143,29
"Clive Lewis ","@labourlewis","Labour","Norwich South",101373,43
"Clive Efford ","@CliveEfford","Labour","Eltham",13825,11
"Claudia Webbe","@ClaudiaWebbe","Independent","Leicester East",31405,97
"Claire Hanna","@ClaireHanna","Social Democratic and Labour Party","Belfast South",32253,17
"Claire Coutinho","@ClaireCoutinho","Conservative","East Surrey",6635,0
"Christopher Pincher ","@ChrisPincher","Conservative","Tamworth",19787,12
"Christopher Hazzard","@ChrisHazzardSF","Sinn Féin","South Down",19440,3
"Christine Jardine","@cajardineMP","Liberal Democrat","Edinburgh West",13288,12
"Christina Rees ","@Rees4Neath","Labour","Neath",10938,5
"Christian Wakeford","@Christian4BuryS","Conservative","Bury South",4126,9
"Christian Matheson ","@ChrisM4Chester","Labour","City of Chester",13932,12
"Chris Stephens ","@ChrisStephens","Scottish National Party","Glasgow South West",16120,5
"Chris Skidmore","@CSkidmoreUK","Conservative","Kingswood",22397,-1
"Chris Philp ","@CPhilpOfficial","Conservative","Croydon South",12596,-7
"Chris Loder","@chrisloder","Conservative","West Dorset",5307,-2
"Chris Law ","@ChrisLawSNP","Scottish National Party","Dundee West",19309,3
"Chris Heaton-Harris ","@chhcalling","Conservative","Daventry",21600,5
"Chris Green","@CGreenUK","Conservative","Bolton West",12184,-22
"Chris Evans","@Chris_EvansMP","Labour","Islwyn",6449,5
"Chris Elmore ","@CPJElmore","Labour","Ogmore",10126,1
"Chris Clarkson","@ChrisClarksonMP","Conservative","Heywood and Middleton",5264,1
"Chris Bryant ","@RhonddaBryant","Labour","Rhondda",69873,11
"Chloe Smith","@NorwichChloe","Conservative","Norwich North",18042,5
"Chi Onwurah ","@ChiOnwurah","Labour","Newcastle upon Tyne Central",44665,28
"Cheryl Gillan ","@CherylGillan","Conservative","Chesham and Amersham",13949,9
"Cherilyn Mackrory","@thisischerilyn","Conservative","Truro and Falmouth",2531,22
"Charlotte Nichols","@charlotte2153","Labour","Warrington North",20490,22
"Charles Walker","@CharlesWalkerMP","Conservative","Broxbourne",11940,-29
"Catherine West ","@CatherineWest1","Labour","Hornsey and Wood Green",29985,31
"Catherine McKinnell ","@CatMcKinnell","Labour","Newcastle upon Tyne North",28242,29
"Cat Smith ","@CatSmithMP","Labour","Lancaster and Fleetwood",40309,14
"Carolyn Harris ","@carolynharris24","Labour","Swansea East",24757,16
"Caroline Nokes","@carolinenokes","Conservative","Romsey and Southampton North",21346,9
"Caroline Lucas ","@CarolineLucas","Green Party","Brighton, Pavilion",484692,542
"Caroline Dinenage ","@cj_dinenage","Conservative","Gosport",21026,4
"Caroline Ansell ","@Caroline_Ansell","Conservative","Eastbourne",5919,1
"Carol Monaghan ","@CMonaghanSNP","Scottish National Party","Glasgow North West",19963,-2
"Carla Lockhart","@carlalockhart","Democratic Unionist Party","Upper Bann",8149,9
"Bridget Phillipson ","@bphillipsonMP","Labour","Houghton and Sunderland South",35338,37
"Brendan O'Hara ","@BrendanOHaraMP","Scottish National Party","Argyll and Bute",14744,5
"Brendan Clarke-Smith","@Bren4Bassetlaw","Conservative","Bassetlaw",2214,8
"Brandon Lewis ","@BrandonLewis","Conservative","Great Yarmouth",57673,24
"Boris Johnson ","@BorisJohnson","Conservative","Uxbridge and South Ruislip",3261178,612
"Bob Seely","@IoWBobSeely","Conservative","Isle of Wight",12675,-6
"Bob Blackman ","@BobBlackman","Conservative","Harrow East",19047,-4
"Bim Afolami","@BimAfolami","Conservative","Hitchin and Harpenden",13586,-5
"Bill Esterson ","@Bill_Esterson","Labour","Sefton Central",31654,2
"Beth Winter","@BethWinterMP","Labour","Cynon Valley",7622,9
"Bernard Jenkin ","@bernardjenkin","Conservative","Harwich and North Essex",36465,-17
"Ben Wallace ","@BWallaceMP","Conservative","Wyre and Preston North",18636,27
"Ben Spencer","@DrBenSpencer","Conservative","Runnymede and Weybridge",4201,3
"Ben Lake","@BenMLake","Plaid Cymru","Ceredigion",7788,2
"Ben Everitt","@Ben_Everitt","Conservative","Milton Keynes North",6364,7
"Ben Bradshaw ","@BenPBradshaw","Labour","Exeter",71531,27
"Ben Bradley","@BBradley_Mans","Conservative","Mansfield",33362,-9
"Bell Ribeiro-Addy","@BellRibeiroAddy","Labour","Streatham",38961,166
"Barry Sheerman ","@BarrySheerman","Labour","Huddersfield",21418,-2
"Barry Gardiner ","@BarryGardiner","Labour","Brent North",91910,251
"Barbara Keeley ","@KeeleyMP","Labour","Worsley and Eccles South",25877,9
"Bambos Charalambous","@Bambos_MP","Labour","Enfield, Southgate",9272,7
"Apsana Begum","@ApsanaBegumMP","Labour","Poplar and Limehouse",17238,45
"Antony Higginbotham","@antony_hig","Conservative","Burnley",3127,6
"Anthony Mangnall","@AnthonyMangnal1","Conservative","Totnes",4759,3
"Anthony Browne","@ab4scambs","Conservative","South Cambridgeshire",3754,3
"Anneliese Dodds","@AnnelieseDodds","Labour","Oxford East",57642,75
"Anne-Marie Trevelyan ","@annietrev","Conservative","Berwick-upon-Tweed",21292,48
"Anne McLaughlin ","@AnneMcLaughlin","Scottish National Party","Glasgow North East",13218,-1
"Anne Marie Morris ","@AnneMarieMorris","Conservative","Newton Abbot",20530,7
"Anna McMorrin","@AnnaMcMorrin","Labour","Cardiff North",15618,11
"Angus MacNeil ","@AngusMacNeilSNP","Scottish National Party","Na h-Eileanan an Iar",40037,6
"Angela Richardson","@AJRichardsonMP","Conservative","Guildford",7289,-1
"Angela Rayner ","@AngelaRayner","Labour","Ashton-under-Lyne",268514,293
"Angela Eagle ","@angelaeagle","Labour","Wallasey",76109,4
"Andy Slaughter ","@hammersmithandy","Labour","Hammersmith",25549,8
"Andy McDonald ","@AndyMcDonaldMP","Labour","Middlesbrough",40881,28
"Andy Carter","@MrAndy_Carter","Conservative","Warrington South",4833,6
"Andrew Stephenson ","@Andrew4Pendle","Conservative","Pendle",24631,0
"Andrew Selous ","@AndrewSelous","Conservative","South West Bedfordshire",20153,15
"Andrew Rosindell ","@AndrewRosindell","Conservative","Romford",20557,-20
"Andrew Lewer","@ALewerMBE","Conservative","Northampton South",4608,4
"Andrew Jones","@AJonesMP","Conservative","Harrogate and Knaresborough",15588,2
"Andrew Gwynne ","@GwynneMP","Labour","Denton and Reddish",49120,10
"Andrew Griffith","@griffitha","Conservative","Arundel and South Downs",3460,4
"Andrew Bridgen ","@ABridgen","Conservative","North West Leicestershire",35468,-20
"Andrew Bowie","@AndrewBowie_MP","Conservative","West Aberdeenshire and Kincardine",13992,16
"Andrea Leadsom ","@andrealeadsom","Conservative","South Northamptonshire",122388,-39
"Andrea Jenkyns ","@andreajenkyns","Conservative","Morley and Outwood",61190,-93
"Amy Callaghan","@AmyCallaghanSNP","Scottish National Party","East Dunbartonshire",13867,0
"Amanda Solloway ","@ASollowayUK","Conservative","Derby North",4208,13
"Amanda Milling ","@amandamilling","Conservative","Cannock Chase",12957,14
"Alyn Smith","@AlynSmith","Scottish National Party","Stirling",46066,10
"Alun Cairns ","@AlunCairns","Conservative","Vale of Glamorgan",13938,6
"Alok Sharma ","@AlokSharma_RDG","Conservative","Reading West",39775,88
"Alistair Carmichael","@amcarmichaelMP","Liberal Democrat","Orkney and Shetland",20329,-17
"Alison Thewliss ","@alisonthewliss","Scottish National Party","Glasgow Central",28328,13
"Alison McGovern ","@Alison_McGovern","Labour","Wirral South",54181,4
"Alicia Kearns","@aliciakearns","Conservative","Rutland and Melton",13763,1
"Alexander Stafford","@Alex_Stafford","Conservative","Rother Valley",4974,-1
"Alex Sobel","@alexsobel","Labour","Leeds North West",23025,12
"Alex Norris","@AlexNorrisNN","Labour","Nottingham North",6983,0
"Alex Davies-Jones","@AlexDaviesJones","Labour","Pontypridd",6609,8
"Alex Cunningham ","@ACunninghamMP","Labour","Stockton North",20999,11
"Alex Chalk ","@AlexChalkChelt","Conservative","Cheltenham",12509,12
"Alex Burghart","@alexburghart","Conservative","Brentwood and Ongar",4084,9
"Alec Shelbrooke ","@AlecShelbrooke","Conservative","Elmet and Rothwell",16001,1
"Alberto Costa ","@AlbertoCostaMP","Conservative","South Leicestershire",10245,1
"Alan Mak ","@AlanMakMP","Conservative","Havant",9745,11
"Alan Campbell ","@alancampbellmp","Labour","Tynemouth",5576,3
"Alan Brown ","@AlanBrownSNP","Scottish National Party","Kilmarnock and Loudoun",12131,-2
"Afzal Khan","@Afzal4Gorton","Labour","Manchester, Gorton",26742,5
"Adam Afriyie ","@AdamAfriyie","Conservative","Windsor",16387,-10
"Abena Oppong-Asare","@abenaopp","Labour","Erith and Thamesmead",14840,19
"Aaron Bell","@AaronBell4NUL","Conservative","Newcastle-under-Lyme",4230,3